Repo Name,Repo Size (KB),Has Commit 30,Has Commit 60,Has Commit 90,Has Commit 180,Has Commit 365
Snailclimb/JavaGuide,177083,True,True,True,True,True
krahets/hello-algo,362630,True,True,True,True,True
iluwatar/java-design-patterns,46859,True,True,True,True,True
macrozheng/mall,58697,True,True,True,True,True
doocs/advanced-java,26586,False,True,True,True,True
spring-projects/spring-boot,191281,True,True,True,True,True
MisterBooo/LeetCodeAnimation,509807,False,False,False,False,False
elastic/elasticsearch,1410198,True,True,True,True,True
kdn251/interviews,24462,True,True,True,True,True
TheAlgorithms/Java,5585,True,True,True,True,True
Stirling-Tools/Stirling-PDF,83351,True,True,True,True,True
spring-projects/spring-framework,224435,True,True,True,True,True
NationalSecurityAgency/ghidra,384278,True,True,True,True,True
google/guava,560330,True,True,True,True,True
ReactiveX/RxJava,144400,True,True,True,True,True
skylot/jadx,23772,True,True,True,True,True
dbeaver/dbeaver,195595,True,True,True,True,True
jeecgboot/JeecgBoot,76098,True,True,True,True,True
termux/termux-app,4567,True,True,True,True,True
apache/dubbo,59829,True,True,True,True,True
PhilJay/MPAndroidChart,21720,False,False,False,False,False
eugenp/tutorials,112966,True,True,True,True,True
alibaba/arthas,55550,True,True,True,True,True
halo-dev/halo,76251,True,True,True,True,True
geekxh/hello-algorithm,365053,False,False,False,False,False
airbnb/lottie-android,137182,True,True,True,True,True
bumptech/glide,97533,True,True,True,True,True
netty/netty,98680,True,True,True,True,True
doocs/leetcode,641830,True,True,True,True,True
TeamNewPipe/NewPipe,79569,True,True,True,True,True
xkcoding/spring-boot-demo,14194,False,False,False,False,False
Blankj/AndroidUtilCode,47329,False,False,False,False,False
alibaba/easyexcel,26334,False,False,False,False,True
zxing/zxing,242772,True,True,True,True,True
alibaba/nacos,63259,True,True,True,True,True
YunaiV/ruoyi-vue-pro,179741,True,True,True,True,True
binarywang/WxJava,18400,True,True,True,True,True
ityouknow/spring-boot-examples,1074,False,False,False,False,False
apache/kafka,247351,True,True,True,True,True
chinabugotech/hutool,69801,True,True,True,True,True
apolloconfig/apollo,56562,True,True,True,True,True
alibaba/canal,24167,True,True,True,True,True
xuxueli/xxl-job,37617,True,True,True,True,True
wuyouzhuguli/SpringAll,1069,False,False,False,False,False
alibaba/spring-cloud-alibaba,55676,True,True,True,True,True
alibaba/druid,88845,True,True,True,True,True
lenve/vhr,8480,False,False,False,False,True
keycloak/keycloak,543000,True,True,True,True,True
crossoverJie/JCSprout,1191,False,False,False,False,False
qiurunze123/miaosha,65716,False,True,True,True,True
DrKLO/Telegram,595933,True,True,True,True,True
alibaba/fastjson,15513,False,False,False,False,False
apache/incubator-seata,26447,True,True,True,True,True
JakeWharton/butterknife,3909,False,False,False,False,False
hollischuang/toBeTopJavaer,8004,False,False,False,False,False
scwang90/SmartRefreshLayout,274026,False,False,False,True,True
proxyee-down-org/proxyee-down,26864,False,False,False,False,True
apache/flink,523950,True,True,True,True,True
greenrobot/EventBus,1742,False,False,False,False,False
apache/skywalking,172825,True,True,True,True,True
Netflix/Hystrix,9799,False,False,False,False,False
bazelbuild/bazel,973145,True,True,True,True,True
libgdx/libgdx,1106017,True,True,True,True,True
jenkinsci/jenkins,165306,True,True,True,True,True
Anuken/Mindustry,1858357,True,True,True,True,True
OpenAPITools/openapi-generator,918393,True,True,True,True,True
redisson/redisson,31427,True,True,True,True,True
google/gson,13639,True,True,True,True,True
ashishps1/awesome-system-design-resources,2251,True,True,True,True,True
CodePhiliaX/Chat2DB,18678,True,True,True,True,True
conductor-oss/conductor,36275,True,True,True,True,True
yuliskov/SmartTube,94634,True,True,True,True,True
doocs/source-code-hunter,71134,False,True,True,True,True
alibaba/Sentinel,8335,False,False,False,False,True
EnterpriseQualityCoding/FizzBuzzEnterpriseEdition,340,False,False,False,False,False
iBotPeaches/Apktool,330588,True,True,True,True,True
google/ExoPlayer,484242,False,False,False,False,True
apache/rocketmq,43545,True,True,True,True,True
elunez/eladmin,7490,False,False,False,True,True
openjdk/jdk,1339089,True,True,True,True,True
oracle/graal,440911,True,True,True,True,True
CarGuo/GSYVideoPlayer,338249,True,True,True,True,True
brettwooldridge/HikariCP,5027,True,True,True,True,True
LSPosed/LSPosed,21605,False,False,True,True,True
didi/DoKit,58597,True,True,True,True,True
apache/shardingsphere,662718,True,True,True,True,True
dataease/dataease,302250,True,True,True,True,True
mybatis/mybatis-3,158307,True,True,True,True,True
ReactiveX/RxAndroid,1045,False,False,False,False,True
linlinjava/litemall,24591,False,False,False,True,True
yudaocode/SpringBoot-Labs,1813,False,False,False,False,False
kunal-kushwaha/DSA-Bootcamp-Java,101640,False,False,False,False,True
thingsboard/thingsboard,302471,True,True,True,True,True
dianping/cat,114117,False,False,False,True,True
Baseflow/PhotoView,16896,False,False,False,False,False
kestra-io/kestra,59881,True,True,True,True,True
JetBrains/intellij-community,5304810,True,True,True,True,True
antlr/antlr4,70569,True,True,True,True,True
forezp/SpringCloudLearning,582,False,False,False,False,False
Tencent/APIJSON,73218,True,True,True,True,True
williamfiset/Algorithms,1274506,False,False,False,True,True
LMAX-Exchange/disruptor,10129,False,True,True,True,True
dromara/Sa-Token,8708,True,True,True,True,True
xiaojieonly/Ehviewer_CN_SXJ,13715,True,True,True,True,True
Tencent/tinker,7056,True,True,True,True,True
YunaiV/yudao-cloud,43267,True,True,True,True,True
openzipkin/zipkin,77273,False,True,True,True,True
facebook/fresco,77665,True,True,True,True,True
infinilabs/analysis-ik,7695,True,True,True,True,True
justauth/JustAuth,9643,False,False,False,True,True
baomidou/mybatis-plus,31762,True,True,True,True,True
nostra13/Android-Universal-Image-Loader,27133,False,False,False,False,False
material-components/material-components-android,155319,True,True,True,True,True
winterbe/java8-tutorial,149,False,False,False,False,False
shuzheng/zheng,41267,False,False,False,False,False
ben-manes/caffeine,108999,True,True,True,True,True
alibaba/DataX,22930,True,True,True,True,True
Grasscutters/Grasscutter,101542,False,True,True,True,True
JeffLi1993/springboot-learning-example,407,False,False,False,False,False
heibaiying/BigData-Notes,24052,False,False,False,False,False
prestodb/presto,240878,True,True,True,True,True
gyoogle/tech-interview-for-developer,6615,False,False,False,False,True
dyc87112/SpringBoot-Learning,34384,False,False,False,False,False
android-hacker/VirtualXposed,49794,False,False,False,False,False
android10/Android-CleanArchitecture,5191,False,False,False,False,False
questdb/questdb,745017,True,True,True,True,True
mockito/mockito,49385,True,True,True,True,True
apache/hadoop,594837,True,True,True,True,True
Konloch/bytecode-viewer,648652,True,True,True,True,True
zhisheng17/flink-learning,43620,False,False,True,True,True
apache/pulsar,237579,True,True,True,True,True
quarkusio/quarkus,385217,True,True,True,True,True
hdodenhof/CircleImageView,1003,False,False,False,False,False
java-decompiler/jd-gui,56989,False,False,False,False,False
elastic/logstash,131329,True,True,True,True,True
eclipse-vertx/vert.x,118772,True,True,True,True,True
Tencent/QMUI_Android,21963,False,False,False,False,True
alibaba/ARouter,26589,False,False,False,False,False
neo4j/neo4j,664992,True,True,True,True,True
arduino/Arduino,1390211,False,False,False,False,True
supertokens/supertokens-core,64984,True,True,True,True,True
theonedev/onedev,226656,True,True,True,True,True
deeplearning4j/deeplearning4j,761935,True,True,True,True,True
GoogleContainerTools/jib,16688,True,True,True,True,True
orhanobut/logger,1873,False,False,False,False,False
Netflix/zuul,5796,True,True,True,True,True
apache/druid,385854,True,True,True,True,True
apache/doris,1073939,True,True,True,True,True
seaswalker/spring-analysis,4951,False,False,False,False,False
Curzibn/Luban,5029,False,False,False,False,False
zaproxy/zaproxy,201209,True,True,True,True,True
JessYanCoding/AndroidAutoSize,3131,False,False,False,False,False
pinpoint-apm/pinpoint,264414,True,True,True,True,True
lgvalle/Material-Animations,8692,False,False,False,False,False
tink-crypto/tink,61010,False,False,False,False,False
sqshq/piggymetrics,1512,False,False,False,False,False
apache/dolphinscheduler,218938,True,True,True,True,True
LuckSiege/PictureSelector,542078,False,False,False,False,False
Bigkoo/Android-PickerView,6389,False,False,False,False,False
DuGuQiuBai/Java,24346,False,False,False,False,False
janishar/mit-deep-learning-book-pdf,43571,False,False,False,False,False
macrozheng/mall-learning,39420,False,False,False,False,True
projectlombok/lombok,80909,True,True,True,True,True
languagetool-org/languagetool,5908160,True,True,True,True,True
youth5201314/banner,11310,False,False,False,False,False
cryptomator/cryptomator,24983,True,True,True,True,True
kekingcn/kkFileView,751072,False,True,True,True,True
Netflix/conductor,29469,False,False,False,False,False
pxb1988/dex2jar,8725,False,False,False,False,False
facebook/stetho,2392,False,False,False,False,True
greenrobot/greenDAO,7353,False,False,False,False,False
google/guice,125291,True,True,True,True,True
codecentric/spring-boot-admin,80797,True,True,True,True,True
zhihu/Matisse,1991,False,False,False,False,False
Netflix/eureka,12500,False,True,True,True,True
apache/zookeeper,148930,True,True,True,True,True
daimajia/AndroidViewAnimations,297,False,False,False,False,False
alibaba/COLA,3805,False,False,False,False,True
daimajia/AndroidSwipeLayout,399,False,False,False,False,False
macrozheng/mall-swarm,54602,False,True,True,True,True
pagehelper/Mybatis-PageHelper,5331,True,True,True,True,True
redis/jedis,14894,True,True,True,True,True
metersphere/metersphere,421198,True,True,True,True,True
Yalantis/uCrop,62547,False,False,False,True,True
amitshekhariitbhu/android-interview-questions,1547,True,True,True,True,True
Tencent/VasSonic,16215,False,False,False,False,False
Tencent/matrix,199709,False,False,False,False,False
grpc/grpc-java,107334,True,True,True,True,True
frank-lam/fullstack-tutorial,65725,False,False,False,False,False
plantuml/plantuml,366113,True,True,True,True,True
code4craft/webmagic,17431,True,True,True,True,True
Team-xManager/xManager,4728,False,False,False,True,True
realm/realm-java,65940,False,False,False,True,True
debezium/debezium,62178,True,True,True,True,True
careercup/CtCI-6th-Edition,21487,False,False,False,False,False
gyf-dev/ImmersionBar,325009,False,False,False,False,False
OpenRefine/OpenRefine,406203,True,True,True,True,True
trinodb/trino,272316,True,True,True,True,True
newbee-ltd/newbee-mall,36232,False,False,False,False,False
permissions-dispatcher/PermissionsDispatcher,3009,False,False,False,False,False
jhy/jsoup,6209,True,True,True,True,True
mission-peace/interview,1200,False,False,False,False,False
apereo/cas,283678,True,True,True,True,True
H07000223/FlycoTabLayout,2620,False,False,False,False,False
lingochamp/FileDownloader,40720,False,False,False,False,False
xpipe-io/xpipe,38066,True,True,True,True,True
daniulive/SmarterStreaming,6823314,False,False,True,True,True
PaperMC/Paper,112284,True,True,True,True,True
jfeinstein10/SlidingMenu,32085,False,False,False,False,False
androidannotations/androidannotations,22510,False,False,False,False,False
square/javapoet,1954,False,False,False,False,True
provectus/kafka-ui,30382,False,False,False,False,False
doocs/jvm,65876,False,True,True,True,True
opensearch-project/OpenSearch,579206,True,True,True,True,True
alibaba/vlayout,1726,False,False,False,False,False
aosp-mirror/platform_frameworks_base,7591198,False,True,True,True,True
ashishps1/awesome-leetcode-resources,250,False,True,True,True,True
jwtk/jjwt,3142,False,True,True,True,True
TooTallNate/Java-WebSocket,4250,False,True,True,True,True
apple/pkl,6067,True,True,True,True,True
datahub-project/datahub,411128,True,True,True,True,True
clojure/clojure,18252,True,True,True,True,True
android-async-http/android-async-http,3063,False,False,False,False,False
jeasonlzy/okhttp-OkGo,84860,False,False,False,False,False
asLody/VirtualApp,35229,True,True,True,True,True
google/auto,44343,True,True,True,True,True
lipangit/JiaoZiVideoPlayer,143896,False,False,False,False,False
tbruyelle/RxPermissions,587,False,False,False,False,False
beemdevelopment/Aegis,21788,False,True,True,True,True
LawnchairLauncher/lawnchair,645527,True,True,True,True,True
Activiti/Activiti,125874,True,True,True,True,True
JessYanCoding/MVPArms,5963,False,False,False,False,False
resilience4j/resilience4j,8496,True,True,True,True,True
JakeWharton/ViewPagerIndicator,8657,False,False,False,False,False
zfile-dev/zfile,49379,True,True,True,True,True
StarRocks/starrocks,502831,True,True,True,True,True
awsdocs/aws-doc-sdk-examples,252210,True,True,True,True,True
ssssssss-team/spider-flow,3382,False,False,False,False,False
microg/GmsCore,13353,False,True,True,True,True
wasabeef/glide-transformations,26509,False,False,False,False,False
stanfordnlp/CoreNLP,397044,True,True,True,True,True
googlesamples/easypermissions,635,False,False,False,False,False
paascloud/paascloud-master,16083,False,False,False,False,False
uknownothingsnow/JsBridge,649,False,False,False,False,False
hackware1993/MagicIndicator,54749,False,False,False,True,True
HarlonWang/AVLoadingIndicatorView,14399,False,False,False,False,False
signalapp/Signal-Server,18943,True,True,True,True,True
YoKeyword/Fragmentation,29343,False,False,False,False,False
OpenFeign/feign,9818,True,True,True,True,True
perwendel/spark,2503,False,False,False,False,False
lihengming/spring-boot-api-project-seed,77,False,False,False,False,False
ksoichiro/Android-ObservableScrollView,13780,False,False,False,False,False
react-native-camera/react-native-camera,17586,False,False,False,False,False
SonarSource/sonarqube,960875,True,True,True,True,True
koral--/android-gif-drawable,6060,False,False,False,False,True
bilibili/DanmakuFlameMaster,3580,False,False,False,False,False
liaohuqiu/android-Ultra-Pull-To-Refresh,3474,False,False,False,False,False
MyCATApache/Mycat-Server,19570,False,False,False,False,False
umano/AndroidSlidingUpPanel,2861,False,False,False,False,False
spinnaker/spinnaker,191354,True,True,True,True,True
xuchengsheng/spring-reading,2808,False,False,False,False,True
crossoverJie/cim,34876,True,True,True,True,True
pockethub/PocketHub,11945,False,False,False,False,False
Justson/AgentWeb,29032,False,False,False,False,False
huanghaibin-dev/CalendarView,156814,False,False,False,True,True
GcsSloop/AndroidNote,7036,False,False,False,False,False
android/testing-samples,12132,False,False,False,True,True
apache/cassandra,443275,True,True,True,True,True
spring-projects/spring-security,81266,True,True,True,True,True
json-path/JsonPath,2694,False,False,False,False,False
cats-oss/android-gpuimage,1368,False,False,False,False,False
seven332/EhViewer,111228,False,False,False,False,False
didi/VirtualAPK,1010,False,False,False,False,False
navasmdc/MaterialDesignLibrary,8930,False,False,False,False,False
KunMinX/Jetpack-MVVM-Best-Practice,10737,False,False,False,False,False
nathanmarz/storm,27015,False,False,False,False,False
flyway/flyway,1190603,True,True,True,True,True
laobie/StatusBarUtil,9364,False,False,False,False,False
apache/jmeter,133346,False,True,True,True,True
Freelander/Android_Data,153,False,False,False,False,False
java-native-access/jna,702687,True,True,True,True,True
Blankj/awesome-java-leetcode,512,False,False,False,False,False
chrisbanes/Android-PullToRefresh,4286,False,False,False,False,False
ybq/Android-SpinKit,10241,False,False,False,False,False
shwenzhang/AndResGuard,8343,False,False,False,False,False
checkstyle/checkstyle,200392,True,True,True,True,True
apache/shenyu,65888,True,True,True,True,True
chrisjenx/Calligraphy,1523,False,False,False,False,False
facebook/buck,2024585,False,False,False,False,False
react-native-image-picker/react-native-image-picker,3219,True,True,True,True,True
airbnb/epoxy,34091,False,False,False,False,False
karatelabs/karate,26504,False,True,True,True,True
dropwizard/dropwizard,112980,True,True,True,True,True
junit-team/junit4,24363,True,True,True,True,True
apache/seatunnel,45066,True,True,True,True,True
amitshekhariitbhu/Android-Debug-Database,1697,False,False,False,False,True
flowable/flowable-engine,233305,True,True,True,True,True
roughike/BottomBar,40819,False,False,False,False,False
google/tsunami-security-scanner,943,True,True,True,True,True
hs-web/hsweb-framework,33909,True,True,True,True,True
DImuthuUpe/AndroidPdfViewer,2724,False,False,False,False,True
frohoff/ysoserial,463,False,False,False,False,False
testcontainers/testcontainers-java,13685,True,True,True,True,True
wildfirechat/im-server,21426,True,True,True,True,True
apache/shardingsphere-elasticjob,46052,False,False,False,True,True
alibaba/atlas,84497,False,False,False,False,False
apache/beam,820299,True,True,True,True,True
florent37/MaterialViewPager,19557,False,False,False,False,False
guolindev/LitePal,5433,False,False,False,False,False
alibaba/otter,12042,False,False,False,False,False
LSPosed/LSPatch,10312,False,False,False,False,False
pentaho/pentaho-kettle,702090,True,True,True,True,True
PojavLauncherTeam/PojavLauncher,907941,False,True,True,True,True
Netflix/SimianArmy,15326,False,False,False,False,False
alibaba/transmittable-thread-local,3690,True,True,True,True,True
davemorrissey/subsampling-scale-image-view,57935,False,False,False,False,False
aritraroy/UltimateAndroidReference,543,False,False,False,False,False
JakeWharton/hugo,201,False,False,False,False,False
junixapp/XPopup,152978,False,False,False,True,True
HannahMitt/HomeMirror,6207,False,False,False,False,False
dropwizard/metrics,20823,True,True,True,True,True
apache/tomcat,178589,True,True,True,True,True
cabaletta/baritone,16473,True,True,True,True,True
bytedeco/javacv,7935,False,False,True,True,True
ChrisRM/material-theme-jetbrains,148338,False,False,False,False,False
aeron-io/aeron,70141,True,True,True,True,True
software-mansion/react-native-svg,90412,True,True,True,True,True
trello-archive/RxLifecycle,897,False,False,False,False,False
langchain4j/langchain4j,13965,True,True,True,True,True
Graylog2/graylog2-server,194531,True,True,True,True,True
goldze/MVVMHabit,1298,False,False,False,False,False
vipshop/vjtools,2108,False,False,False,False,False
HMCL-dev/HMCL,30225,True,True,True,True,True
gedoor/MyBookshelf,27255,False,False,False,False,False
Tencent/Shadow,3644,False,False,True,True,True
google/android-classyshark,24865,False,False,False,False,False
koush/AndroidAsync,3720,False,False,False,False,False
kaushikgopal/RxJava-Android-Samples,1188,False,False,False,False,False
google/closure-compiler,187826,True,True,True,True,True
twowaits/SDE-Interview-Questions,1461,False,False,False,False,False
lecho/hellocharts-android,6126,False,False,False,False,False
apache/iceberg,94266,True,True,True,True,True
kevin-wayne/algs4,2025,True,True,True,True,True
PowerJob/PowerJob,19516,False,False,False,True,True
yuanguangxin/LeetCode,284,True,True,True,True,True
swagger-api/swagger-core,22288,True,True,True,True,True
dyc87112/SpringCloud-Learning,1265,False,False,False,False,False
lenve/VBlog,3841,False,False,False,False,False
abel533/Mapper,2274,False,False,False,False,True
leolin310148/ShortcutBadger,1231,False,False,False,False,False
mapstruct/mapstruct,11088,True,True,True,True,True
Snailclimb/JavaGuide,177083,True,True,True,True,True
krahets/hello-algo,362630,True,True,True,True,True
iluwatar/java-design-patterns,46859,True,True,True,True,True
macrozheng/mall,58697,True,True,True,True,True
doocs/advanced-java,26586,False,True,True,True,True
krahets/LeetCode-Book,858,False,False,False,False,False
Qihoo360/RePlugin,25364,False,False,False,False,True
square/dagger,6861,False,False,False,False,False
ZCShou/GoGoGo,413560,True,True,True,True,True
Bearded-Hen/Android-Bootstrap,11507,False,False,False,False,False
pedant/sweet-alert-dialog,1694,False,False,False,False,False
crazycodeboy/TakePhoto,11513,False,False,False,False,False
gocd/gocd,407856,True,True,True,True,True
Exrick/xmall,110866,False,False,False,False,False
geeeeeeeeek/WeChatLuckyMoney,660,False,False,False,False,False
cymcsg/UltimateRecyclerView,7153,False,False,False,False,False
MinecraftForge/MinecraftForge,122592,True,True,True,True,True
google/agera,968,False,False,False,False,False
jeecgboot/jimureport,105721,True,True,True,True,True
ogaclejapan/SmartTabLayout,14671,False,False,False,False,False
NanoHttpd/nanohttpd,1375,False,False,False,False,False
didi/KnowStreaming,200022,False,False,False,False,True
JakeWharton/ActionBarSherlock,21244,False,False,False,False,False
naman14/Timber,17485,False,False,False,False,False
NLPchina/elasticsearch-sql,8890,True,True,True,True,True
Alluxio/alluxio,205633,True,True,True,True,True
google/error-prone,152699,True,True,True,True,True
rest-assured/rest-assured,11391,True,True,True,True,True
gunnarmorling/1brc,2744,False,False,False,False,False
h2pl/JavaTutorial,4933,True,True,True,True,True
AntennaPod/AntennaPod,112244,True,True,True,True,True
mrniko/netty-socketio,2254,False,False,True,True,True
dependency-check/DependencyCheck,294241,True,True,True,True,True
DroidPluginTeam/DroidPlugin,1859,False,False,False,False,False
alibaba/jvm-sandbox,1874,False,False,False,False,True
hongyangAndroid/okhttputils,17152,False,False,False,False,False
Meituan-Dianping/walle,528,False,False,False,False,False
wiremock/wiremock,47899,True,True,True,True,True
Genymobile/gnirehtet,1036,False,False,False,False,False
zo0r/react-native-push-notification,1688,False,False,False,False,False
rabbitmq/rabbitmq-tutorials,5437,True,True,True,True,True
Angel-ML/angel,93424,False,False,False,False,False
macrozheng/springcloud-learning,261,False,False,False,False,True
smuyyh/BookReader,31940,False,False,False,False,False
markzhai/AndroidPerformanceMonitor,1077,False,False,False,False,False
zouzg/mybatis-generator-gui,14934,False,False,False,False,False
guardianproject/haven,24387,False,False,False,False,False
hongyangAndroid/AndroidAutoLayout,7466,False,False,False,False,False
527515025/springBoot,868,False,False,False,False,False
gzu-liyujiang/AndroidPicker,28194,False,False,False,True,True
yanzhenjie/AndPermission,1665,False,False,False,False,False
junit-team/junit5,710931,True,True,True,True,True
getActivity/AndroidProject,89374,False,False,False,False,False
apache/storm,155578,True,True,True,True,True
fuzhengwei/itstack-demo-design,1827,False,False,False,False,False
Meituan-Dianping/Leaf,149,False,False,False,False,False
AutoMQ/automq,165949,True,True,True,True,True
GrenderG/Toasty,977,False,False,False,False,False
CoderLeixiaoshuai/java-eight-part,308,False,False,False,False,False
NLPchina/ansj_seg,352518,False,False,False,False,False
processing/processing,1648017,True,True,True,True,True
quartz-scheduler/quartz,26596,False,True,True,True,True
raphw/byte-buddy,1006254,True,True,True,True,True
ximsfei/Android-skin-support,54130,False,False,False,False,False
apache/zeppelin,107366,True,True,True,True,True
JesusFreke/smali,9535,False,False,False,False,False
vinc3m1/RoundedImageView,8746,False,False,False,False,False
Col-E/Recaf,59300,True,True,True,True,True
ArthurHub/Android-Image-Cropper,26047,False,False,False,False,False
wxiaoqi/Spring-Cloud-Platform,212466,False,False,False,False,True
jOOQ/jOOQ,278845,True,True,True,True,True
exadel-inc/CompreFace,566295,False,False,False,False,True
AsyncHttpClient/async-http-client,19103,True,True,True,True,True
sshahine/JFoenix,28243,False,False,False,False,False
hazelcast/hazelcast,414332,True,True,True,True,True
aa112901/remusic,115952,False,False,False,False,False
wasabeef/richeditor-android,2898,False,False,False,False,False
joelittlejohn/jsonschema2pojo,12121,False,False,False,True,True
pig-mesh/pig,39009,True,True,True,True,True
koush/ion,11832,False,False,False,False,False
amitshekhariitbhu/from-java-to-kotlin,258,False,False,False,False,True
apache/hertzbeat,430628,True,True,True,True,True
micronaut-projects/micronaut-core,107510,True,True,True,True,True
lightbend/config,4635,False,False,False,False,False
ityouknow/spring-cloud-examples,76,False,False,False,False,False
haifengl/smile,256757,True,True,True,True,True
vespa-engine/vespa,459882,True,True,True,True,True
graphql-java/graphql-java,17377,True,True,True,True,True
hibernate/hibernate-orm,288356,True,True,True,True,True
ikew0ng/SwipeBackLayout,2934,False,False,False,False,False
google/grafika,1092,False,False,False,False,False
getActivity/XXPermissions,85026,True,True,True,True,True
gephi/gephi,654674,False,False,True,True,True
rengwuxian/MaterialEditText,1260,False,False,False,False,False
daimajia/NumberProgressBar,158,False,False,False,False,False
apache/flink-cdc,43077,True,True,True,True,True
auth0/java-jwt,1516,False,False,False,True,True
DerekYRC/mini-spring,1085,False,False,False,False,True
apache/incubator-kie-drools,299154,True,True,True,True,True
FongMi/TV,345515,True,True,True,True,True
singwhatiwanna/dynamic-load-apk,8956,False,False,False,False,False
pedrovgs/EffectiveAndroidUI,994,False,False,False,False,False
google/j2objc,105189,True,True,True,True,True
Vedenin/useful-java-links,2411,False,False,False,False,True
rey5137/material,3901,False,False,False,False,False
google/physical-web,33447,False,False,False,False,False
wyouflf/xUtils3,9041,False,False,False,False,False
liyifeng1994/ssm,12364,False,False,False,False,False
alipay/SoloPi,272397,False,False,False,False,True
LandGrey/SpringBootVulExploit,135,False,False,False,False,False
jetlinks/jetlinks-community,70726,True,True,True,True,True
robolectric/robolectric,63918,True,True,True,True,True
springfox/springfox,186279,False,False,False,False,False
antoniolg/androidmvp,327,False,False,False,False,False
prolificinteractive/material-calendarview,4823,False,False,False,False,False
648540858/wvp-GB28181-pro,65708,True,True,True,True,True
vavr-io/vavr,23432,True,True,True,True,True
btraceio/btrace,17759,True,True,True,True,True
MuntashirAkon/AppManager,79566,True,True,True,True,True
weibocom/motan,4596,True,True,True,True,True
traccar/traccar,23855,True,True,True,True,True
lets-blade/blade,3382,False,False,False,True,True
journeyapps/zxing-android-embedded,8388,False,False,False,False,False
apache/camel,1079624,True,True,True,True,True
nayuki/QR-Code-generator,1389,False,False,False,True,True
obsidiandynamics/kafdrop,2910,True,True,True,True,True
graphhopper/graphhopper,137924,True,True,True,True,True
google/google-java-format,2170,True,True,True,True,True
Nightonke/BoomMenu,103934,False,False,False,False,False
apache/hudi,1909953,True,True,True,True,True
javaparser/javaparser,45699,True,True,True,True,True
apache/iotdb,315778,True,True,True,True,True
changmingxie/tcc-transaction,7095,False,False,False,True,True
amitshekhariitbhu/Fast-Android-Networking,2856,False,False,False,False,True
logisim-evolution/logisim-evolution,114253,True,True,True,True,True
yarolegovich/DiscreteScrollView,33353,False,False,False,False,False
WeiYe-Jing/datax-web,43670,False,False,False,False,False
JakeWharton/DiskLruCache,416,False,False,False,False,False
opengoofy/hippo4j,23733,False,False,False,True,True
apache/pinot,330724,True,True,True,True,True
dmytrodanylyk/circular-progress-button,967,True,True,True,True,True
ffay/lanproxy,9573,False,False,False,False,False
Devlight/InfiniteCycleViewPager,279,False,False,False,False,False
ZhongFuCheng3y/austin,20073,False,False,False,True,True
Javen205/IJPay,25427,False,True,True,True,True
k0shk0sh/FastHub,19973,False,False,False,False,False
Nepxion/Discovery,236777,True,True,True,True,True
youtube/api-samples,816,False,False,False,False,False
jpush/aurora-imui,11470,False,False,False,False,False
apache/hive,737819,True,True,True,True,True
springside/springside4,4837,False,False,False,False,False
JSQLParser/JSqlParser,13325,True,True,True,True,True
yanzhenjie/SwipeRecyclerView,29347,False,False,False,False,False
JakeWharton/u2020,9385,False,False,False,False,False
crazycodeboy/react-native-splash-screen,3912,False,False,False,False,False
hanks-zyh/HTextView,9880,False,False,False,False,False
wasabeef/Blurry,2286,False,False,False,False,False
dromara/lamp-cloud,48602,True,True,True,True,True
daimajia/AndroidImageSlider,2165,False,False,False,False,False
TeamAmaze/AmazeFileManager,62277,True,True,True,True,True
jagrosh/MusicBot,7798,False,False,False,False,True
hongyangAndroid/FlowLayout,910,False,False,False,False,False
amlcurran/ShowcaseView,15237,False,False,False,False,False
redis/lettuce,24647,True,True,True,True,True
TommyLemon/Android-ZBLibrary,32789,False,False,False,True,True
ZHENFENG13/spring-boot-projects,14626,False,False,False,False,False
ElderDrivers/EdXposed,12036,False,False,False,False,False
knightliao/disconf,8619,False,False,False,False,False
nhaarman/ListViewAnimations,25513,False,False,False,False,False
jeequan/jeepay,6619,True,True,True,True,True
baidu/uid-generator,390,False,False,False,False,False
emilsjolander/StickyListHeaders,3866,False,False,False,False,False
JanusGraph/janusgraph,60799,True,True,True,True,True
wuhaoyu1990/MagicCamera,17476,False,False,False,False,False
meefik/linuxdeploy,53204,False,False,False,False,False
sockeqwe/mosby,26564,False,False,False,False,False
danikula/AndroidVideoCache,116062,False,False,False,False,False
alibaba/freeline,75385,False,False,False,False,False
scribejava/scribejava,2624,False,False,False,True,True
dm77/barcodescanner,10971,False,False,False,False,False
CeuiLiSA/Pixiv-Shaft,174957,False,True,True,True,True
KeepSafe/TapTargetView,4429,False,False,False,False,True
spring-projects/spring-ai,85158,True,True,True,True,True
facebookarchive/rebound,23623,False,False,False,False,False
motianhuo/wechat,96503,False,False,False,False,False
apache/dubbo-spring-boot-project,1557,False,False,False,False,False
Jasonchenlijian/FastBle,35234,False,False,False,False,False
socketio/socket.io-client-java,2401,False,False,False,True,True
alibaba/jetcache,3843,False,True,True,True,True
Evernote/android-job,1860,False,False,False,False,False
jgilfelt/SystemBarTint,1099,False,False,False,False,False
facebookarchive/shimmer-android,4787,False,False,False,False,False
commonsguy/cw-omnibus,75165,False,False,False,False,False
apache/hbase,498692,True,True,True,True,True
apache/nifi,280113,True,True,True,True,True
XRecyclerView/XRecyclerView,6529,False,False,False,False,False
h6ah4i/android-advancedrecyclerview,9111,False,False,False,False,False
apache/groovy,218583,True,True,True,True,True
201206030/novel,99466,False,True,True,True,True
spring-projects/spring-data-examples,17743,True,True,True,True,True
mybatis/generator,61987,True,True,True,True,True
evant/gradle-retrolambda,609,False,False,False,False,False
PhilippC/keepass2android,89626,True,True,True,True,True
coobird/thumbnailator,11405,False,False,True,True,True
ddd-by-examples/library,48023,False,False,False,False,False
xxv/android-lifecycle,3027,False,False,False,False,False
yixia/VitamioBundle,186316,False,False,False,False,False
google/google-authenticator,2433,False,False,False,False,False
00-Evan/shattered-pixel-dungeon,171766,False,False,True,True,True
zfdang/Android-Touch-Helper,156370,False,False,False,False,True
strimzi/strimzi-kafka-operator,97821,True,True,True,True,True
Yalantis/Side-Menu.Android,1048,False,False,False,False,False
thinkaurelius/titan,91250,False,False,False,False,False
lingochamp/okdownload,8129,False,False,False,False,False
LFDT-web3j/web3j,11334,True,True,True,True,True
lucasr/twoway-view,2554,False,False,False,False,False
CodingDocs/springboot-guide,5354,False,False,False,False,False
razerdp/BasePopup,20627,False,False,False,False,False
Karumi/Dexter,2928,False,False,False,False,False
Clans/FloatingActionButton,3389,False,False,False,False,False
mik3y/usb-serial-for-android,945,False,True,True,True,True
huangyanbin/smartTable,63951,False,False,False,False,False
hustcc/JS-Sorting-Algorithm,3636,False,False,False,False,False
Doikki/DKVideoPlayer,90266,False,False,False,False,False
careercup/ctci,2169,False,False,False,False,False
citerus/dddsample-core,8532,True,True,True,True,True
ikarus23/MifareClassicTool,7542,False,False,False,True,True
square/otto,703,False,False,False,False,False
CaffeineMC/sodium,7272,True,True,True,True,True
android/views-widgets-samples,63753,True,True,True,True,True
remkop/picocli,84812,True,True,True,True,True
microsoft/typespec,71445,True,True,True,True,True
bitcoinj/bitcoinj,27783,True,True,True,True,True
Suwayomi/Suwayomi-Server,48425,True,True,True,True,True
pmd/pmd,521818,True,True,True,True,True
reactor/reactor-core,65594,True,True,True,True,True
rubenlagus/TelegramBots,3867,False,True,True,True,True
osmandapp/OsmAnd,976235,True,True,True,True,True
brianfrankcooper/YCSB,32686,True,True,True,True,True
houbb/sensitive-word,5680,True,True,True,True,True
j-easy/easy-rules,1776,False,False,False,False,False
novicezk/midjourney-proxy,5865,False,True,True,True,True
alibaba/QLExpress,2803,False,True,True,True,True
deathmarine/Luyten,5857,False,False,False,False,False
wequick/Small,7023,False,False,False,False,False
natario1/CameraView,30122,False,False,False,False,True
liquibase/liquibase,218128,True,True,True,True,True
OpenTSDB/opentsdb,41493,False,False,False,True,True
zhanglei-workspace/shopping-management-system,4353,False,False,False,False,False
tonikelope/megabasterd,85025,False,False,True,True,True
Fuzion24/JustTrustMe,434,False,False,False,False,True
sofastack/sofa-boot,4830,True,True,True,True,True
LWJGL/lwjgl3,128578,True,True,True,True,True
GeyserMC/Geyser,32174,True,True,True,True,True
cinit/QAuxiliary,8386,True,True,True,True,True
Trinea/android-common,1253,False,False,False,False,False
yipianfengye/android-zxingLibrary,10170,False,False,False,False,False
rubensousa/GravitySnapHelper,83050,False,False,False,False,False
xuexiangjys/XUI,279853,False,True,True,True,True
spring-projects/spring-authorization-server,6183,True,True,True,True,True
alibaba/UltraViewPager,8873,False,False,False,False,False
orhanobut/dialogplus,6790,False,False,False,False,False
DingMouRen/LayoutManagerGroup,45688,False,False,False,False,False
runelite/runelite,88122,True,True,True,True,True
spring-attic/spring-mvc-showcase,765,False,False,False,False,False
jankotek/mapdb,10247,False,False,False,False,True
JodaOrg/joda-time,12937,False,True,True,True,True
youlookwhat/CloudReader,95431,False,True,True,True,True
Exrick/xpay,12147,False,False,False,False,True
tianshiyeben/wgcloud,48558,False,False,False,False,True
frogermcs/InstaMaterial,4531,False,False,False,False,False
oshi/oshi,334308,True,True,True,True,True
2227324689/gpmall,56925,False,False,False,False,False
CellularPrivacy/Android-IMSI-Catcher-Detector,11270,False,True,True,True,True
youlookwhat/DesignPattern,4512,False,False,False,False,False
amitshekhariitbhu/RxJava2-Android-Samples,498,False,False,False,False,True
Devlight/NavigationTabBar,389,False,False,False,False,False
baomidou/dynamic-datasource,1165,False,False,True,True,True
line/armeria,253183,True,True,True,True,True
LaurieWired/GhidraMCP,178,False,True,True,True,True
apache/ignite,464842,True,True,True,True,True
react-native-linear-gradient/react-native-linear-gradient,2251,False,False,True,True,True
traex/RippleEffect,833,False,False,False,False,False
spring-cloud/spring-cloud-netflix,20626,True,True,True,True,True
Ramotion/folding-cell-android,26341,False,False,False,False,False
hneemann/Digital,39678,True,True,True,True,True
jindrapetrik/jpexs-decompiler,295053,True,True,True,True,True
roncoo/roncoo-pay,18383,False,False,False,False,False
lugg/react-native-config,3835,False,False,False,True,True
diffplug/spotless,20790,True,True,True,True,True
killbill/killbill,681586,True,True,True,True,True
bisq-network/bisq,869353,False,True,True,True,True
querydsl/querydsl,51712,True,True,True,True,True
DiUS/java-faker,6147,False,False,False,False,False
WuKongOpenSource/WukongCRM-11.0-JAVA,114411,False,False,False,False,False
cglib/cglib,4944,False,False,False,False,False
apache/calcite,107270,True,True,True,True,True
reactive-streams/reactive-streams-jvm,1846,False,False,False,False,False
killme2008/aviatorscript,13142,False,False,False,False,True
orientechnologies/orientdb,296366,True,True,True,True,True
mcxiaoke/packer-ng-plugin,1458,False,False,False,False,False
andkulikov/Transitions-Everywhere,1247,False,False,False,False,False
claritylab/lucida,1352332,False,False,False,False,False
rstudio/rstudio,1021976,True,True,True,True,True
react-native-webrtc/react-native-webrtc,431979,True,True,True,True,True
javastacks/spring-boot-best-practice,218,False,True,True,True,True
TheoKanning/openai-java,547,False,False,False,False,True
fuzhengwei/small-spring,10594,False,False,False,False,False
saiwu-bigkoo/Android-ConvenientBanner,12540,False,False,False,False,False
ronmamo/reflections,1064,False,False,False,False,False
etsy/AndroidStaggeredGrid,878,False,False,False,False,False
tuguangquan/mybatis,50815,False,False,False,False,False
mock-server/mockserver,51960,True,True,True,True,True
google/cameraview,256,False,False,False,False,False
nisrulz/android-tips-tricks,34241,False,False,False,False,False
kyleduo/SwitchButton,12162,False,False,False,False,False
hongyangAndroid/baseAdapter,724,False,False,False,False,False
Sayi/poi-tl,102717,False,True,True,True,True
hansonwang99/Spring-Boot-In-Action,15827,False,False,False,False,False
jgilfelt/chuck,1899,False,False,False,False,False
spring-attic/spring-security-oauth,7273,False,False,False,False,False
firebase/FirebaseUI-Android,28666,True,True,True,True,True
pardom-zz/ActiveAndroid,18083,False,False,False,False,False
zq2599/blog_demos,247898,False,False,False,False,False
spring-cloud/spring-cloud-gateway,13284,True,True,True,True,True
wdullaer/MaterialDateTimePicker,2001,False,False,False,False,False
zlt2000/microservices-platform,300854,True,True,True,True,True
Docile-Alligator/Infinity-For-Reddit,29513,True,True,True,True,True
SPLWare/esProc,1102431,True,True,True,True,True
gabrielemariotti/cardslib,30628,False,False,False,False,False
dunwu/db-tutorial,13001,False,False,False,False,True
cjlin1/libsvm,9740,True,True,True,True,True
romandanylyk/PageIndicatorView,33988,False,False,False,False,False
Heeexy/SpringBoot-Shiro-Vue,418,False,False,False,False,True
stleary/JSON-java,3143,True,True,True,True,True
apache/maven,86361,True,True,True,True,True
allure-framework/allure2,14881,True,True,True,True,True
micrometer-metrics/micrometer,37323,True,True,True,True,True
SplashCodes/JAViewer,2335,False,False,False,False,False
nextcloud/android,506923,True,True,True,True,True
fast-excel/fastexcel,24061,True,True,True,True,True
saysky/ForestBlog,52149,False,False,False,False,True
Netflix/ribbon,3541,False,False,False,True,True
apache/rocketmq-externals,36288,False,False,False,True,True
yasserg/crawler4j,1186,False,False,False,False,False
bytedeco/javacpp,11006,False,True,True,True,True
981011512/--,17068,False,True,True,True,True
puniverse/quasar,80585,False,False,False,False,False
chentao0707/SimplifyReader,62804,False,False,False,False,False
javagrowing/JGrowing,2987,False,False,False,False,False
zhanghai/Douya,25350,False,False,False,False,False
go-lang-plugin-org/go-lang-idea-plugin,34753,False,False,False,False,False
RedSpider1/concurrent,12619,False,False,False,True,True
square/sqlbrite,754,False,False,False,False,False
danielzeller/Depth-LIB-Android-,3656,False,False,False,False,True
CalebFenton/simplify,103553,False,False,False,False,False
jdamcd/android-crop,2835,False,False,False,False,False
chewiebug/GCViewer,6761,False,False,False,True,True
oracle/opengrok,501223,True,True,True,True,True
alibaba/dexposed,1875,False,False,False,False,False
Flipboard/bottomsheet,363,False,False,False,False,False
castorflex/SmoothProgressBar,15681,False,False,False,False,False
JZ-Darkal/AndroidHttpCapture,5848,False,False,False,False,False
objectbox/objectbox-java,3040,True,True,True,True,True
hussien89aa/AndroidTutorialForBeginners,688,False,False,False,False,False
azkaban/azkaban,57554,False,False,False,False,False
phishman3579/java-algorithms-implementation,1487,False,False,False,False,False
HotBitmapGG/bilibili-android-client,113179,False,False,False,False,False
discord-jda/JDA,34057,True,True,True,True,True
tiann/epic,558,False,False,False,False,False
deepjavalibrary/djl,48756,True,True,True,True,True
JakeWharton/NineOldAndroids,1207,False,False,False,False,False
angryip/ipscan,117514,True,True,True,True,True
charles2gan/GDA-android-reversing-Tool,82285,False,False,False,False,False
janishar/android-mvp-architecture,6144,False,False,False,False,False
Meituan-Dianping/Robust,26253,False,False,False,False,False
square/android-times-square,1541,False,False,False,False,False
ant-media/Ant-Media-Server,1194957,True,True,True,True,True
rememberber/WePush,47382,False,False,False,False,True
Tencent/GT,21307,False,False,False,False,False
dromara/dynamic-tp,18228,True,True,True,True,True
dreamhead/moco,6078,False,False,False,False,True
airbnb/DeepLinkDispatch,2819,False,False,False,False,False
water8394/flink-recommandSystem-demo,4692,False,False,False,False,False
robinhood/ticker,1681,False,False,False,False,False
apache/shiro,30940,True,True,True,True,True
Ashok-Varma/BottomNavigation,3928,False,False,False,False,False
h2database/h2database,91034,False,True,True,True,True
PBH-BTN/PeerBanHelper,92684,True,True,True,True,True
awangdev/leet-code,7522,False,False,False,False,True
zongzibinbin/MallChat,2144,False,False,False,False,False
Freeyourgadget/Gadgetbridge,60912,False,False,False,True,True
jacoco/jacoco,11651,True,True,True,True,True
linhaojun857/aurora,5258,False,False,False,False,True
IoT-Technology/IoT-Technical-Guide,1361,False,False,False,False,False
pytorch/serve,126140,True,True,True,True,True
zhkl0228/unidbg,589512,False,True,True,True,True
gsantner/markor,37943,True,True,True,True,True
jeasonlzy/ImagePicker,21059,False,False,False,False,False
bingoogolapple/BGARefreshLayout-Android,7569,False,False,False,True,True
eirslett/frontend-maven-plugin,2198,False,False,False,True,True
mcxiaoke/android-volley,952,False,False,False,False,False
brianway/java-learning,800,False,False,False,False,False
aporter/coursera-android,22558,False,False,False,False,False
ongakuer/CircleIndicator,4407,False,False,False,False,False
dragonwell-project/dragonwell8,1046798,True,True,True,True,True
grantland/android-autofittextview,1190,False,False,False,False,False
bjmashibing/InternetArchitect,298764,False,False,False,False,False
ThirtyDegreesRay/OpenHub,10128,False,False,False,False,False
failsafe-lib/failsafe,1613,False,False,False,False,True
crate/crate,163725,True,True,True,True,True
ChadCSong/ShineButton,2525,False,False,False,False,False
TGX-Android/Telegram-X,44563,True,True,True,True,True
jitsi/jitsi,579397,False,True,True,True,True
camunda/camunda-bpm-platform,165449,True,True,True,True,True
codingapi/tx-lcn,14551,False,False,False,False,False
Snailclimb/guide-rpc-framework,4361,False,False,False,False,True
google/open-location-code,4818,True,True,True,True,True
mywalkb/LSPosed_mod,21897,False,False,False,False,True
yhaolpz/FloatWindow,1002,False,False,False,False,False
mybatis/spring-boot-starter,15376,True,True,True,True,True
hugeterry/CoordinatorTabLayout,11528,False,False,False,False,False
Jacksgong/JKeyboardPanelSwitch,24090,False,False,False,False,False
jboss-javassist/javassist,30583,False,False,False,False,True
jlegewie/zotfile,10517,False,False,False,False,False
powermock/powermock,5949,False,False,False,False,False
oddfar/campus-imaotai,3073,False,True,True,True,True
bingoogolapple/BGABanner-Android,40655,False,False,False,True,True
microsoft/malmo,28835,False,False,False,False,False
aws/aws-sdk-java,6603689,True,True,True,True,True
pedrovgs/AndroidWiFiADB,3109,False,False,False,False,False
bepass-org/oblivion,3270,False,False,False,True,True
dromara/hmily,3787,False,False,False,False,False
s4kibs4mi/java-developer-roadmap,4941,False,False,False,True,True
zendesk/maxwell,29723,True,True,True,True,True
nining377/dolby_beta,101223,False,False,False,False,False
dinuscxj/LoadingDrawable,13846,False,False,False,False,False
alibaba/Tangram-Android,1604,False,False,False,False,False
Manabu-GT/ExpandableTextView,4287,False,False,False,False,False
code4craft/tiny-spring,638,False,False,False,False,False
rubensousa/ViewPagerCards,105,False,False,False,False,False
qunarcorp/bistoury,32465,False,False,False,False,False
apache/streampark,62235,True,True,True,True,True
Aliucord/Aliucord,82456,True,True,True,True,True
pqpo/SmartCropper,249110,False,True,True,True,True
oblac/jodd,42823,False,False,False,False,False
201206030/novel-plus,42343,True,True,True,True,True
kermitt2/grobid,1688291,True,True,True,True,True
DTStack/chunjun,132442,False,False,True,True,True
luckybilly/CC,32435,False,False,False,False,False
alibaba/fastjson2,130534,True,True,True,True,True
geoserver/geoserver,321839,True,True,True,True,True
oldmanpushcart/greys-anatomy,1769,False,False,False,False,False
xcltapestry/XCL-Charts,127035,False,False,False,False,False
apache/dubbo-admin,14309,True,True,True,True,True
BoltsFramework/Bolts-Android,476,False,False,False,False,False
Yalantis/Phoenix,663,False,False,False,False,False
lcodecorex/TwinklingRefreshLayout,82617,False,False,False,False,False
makovkastar/FloatingActionButton,11228,False,False,False,False,False
Piasy/BigImageViewer,55900,False,False,False,False,False
orhanobut/hawk,967,False,False,False,False,False
qstumn/BadgeView,9326,False,False,False,False,False
jbloch/effective-java-3e-source-code,89,False,False,False,False,False
mercyblitz/tech-weekly,19558,False,True,True,True,True
knowm/XChange,50815,True,True,True,True,True
jMonkeyEngine/jmonkeyengine,986435,True,True,True,True,True
binIoter/GuideView,7068,False,False,False,False,False
NotFound9/interviewGuide,62214,False,False,False,False,False
jetty/jetty.project,269302,True,True,True,True,True
JeremyLiao/LiveEventBus,2678,False,False,False,False,False
zzhoujay/RichText,2485,False,False,False,False,False
rovo89/XposedInstaller,18977,False,False,False,False,False
JoanZapata/android-iconify,3689,False,False,False,False,False
rengwuxian/RxJavaSamples,4613,False,False,False,False,False
awaitility/awaitility,1377,False,False,False,True,True
linyiqun/DataMiningAlgorithm,535,False,False,False,False,False
fishercoder1534/Leetcode,11959,False,True,True,True,True
bluelinelabs/Conductor,3764,False,False,False,False,False
JabRef/jabref,242415,True,True,True,True,True
PaperMC/Folia,6558,True,True,True,True,True
databricks/learning-spark,370,False,False,False,False,False
bitcoin-wallet/bitcoin-wallet,42022,False,False,True,True,True
alibaba/jstorm,108125,False,False,False,False,False
promeG/TinyPinyin,619,False,False,False,False,True
tronprotocol/java-tron,212403,True,True,True,True,True
RipMeApp/ripme,5287,False,True,True,True,True
pingfangushi/screw,2092,False,False,False,False,False
JavaNoober/BackgroundLibrary,14430,False,False,False,False,False
sofastack/sofa-rpc,4245,True,True,True,True,True
SuperMonster003/AutoJs6,312293,True,True,True,True,True
Exrick/xboot,5309,False,False,False,False,False
lukas-krecan/ShedLock,8287,True,True,True,True,True
syncthing/syncthing-android,23375,False,False,False,True,True
amirzaidi/Launcher3,129066,False,False,False,False,False
LibrePDF/OpenPDF,38668,True,True,True,True,True
vipulasri/Timeline-View,23276,False,False,False,True,True
VaughnVernon/IDDD_Samples,546,False,False,False,False,False
lilishop/lilishop,49094,False,True,True,True,True
wendux/DSBridge-Android,902,False,False,False,False,False
shuzijun/leetcode-editor,30927,False,False,False,False,True
aurelhubert/ahbottomnavigation,5644,False,False,False,False,False
MiguelCatalan/MaterialSearchView,4665,False,False,False,False,False
googlesamples/mlkit,47659,True,True,True,True,True
uknownothingsnow/CircleProgress,2538,False,False,False,False,False
karma9874/AndroRAT,40789,False,False,False,False,False
yanzhenjie/AndServer,6648,False,False,False,False,False
torakiki/pdfsam,15485,True,True,True,True,True
sunfusheng/MarqueeView,12351,False,False,False,False,False
ZHENFENG13/My-Blog,30373,False,False,False,False,False
mpusher/mpush,2595,False,False,False,False,False
react-native-share/react-native-share,12830,True,True,True,True,True
lygttpod/SuperTextView,25933,False,False,False,False,False
JFormDesigner/FlatLaf,21582,True,True,True,True,True
tencentmusic/supersonic,87348,True,True,True,True,True
mcxtzhang/SwipeDelMenuLayout,5660,False,False,False,False,False
kubernetes-client/java,54702,True,True,True,True,True
Ereza/CustomActivityOnCrash,622,False,False,False,False,False
roboguice/roboguice,70278,False,False,False,False,False
uber/NullAway,6999,True,True,True,True,True
timehop/sticky-headers-recyclerview,337,False,False,False,False,False
andOTP/andOTP,13870,False,False,False,False,False
CameraKit/blurkit-android,6270,False,False,False,False,False
google/bundletool,10812,False,False,True,True,True
MovingBlocks/Terasology,305847,False,True,True,True,True
willowtreeapps/spruce-android,8169,False,False,False,False,False
Catfriend1/syncthing-android,32004,True,True,True,True,True
shopizer-ecommerce/shopizer,566507,False,False,True,True,True
Atmosphere/atmosphere,113410,False,False,False,True,True
ethanhua/Skeleton,17001,False,False,False,False,False
stfalcon-studio/ChatKit,6136,False,False,False,False,False
zhpanvip/BannerViewPager,134102,True,True,True,True,True
ryanhoo/StylishMusicPlayer,2929,False,False,False,False,False
Querz/mcaselector,23606,False,True,True,True,True
iterate-ch/cyberduck,642143,True,True,True,True,True
apache/kylin,573356,False,True,True,True,True
watabou/pixel-dungeon,8161,False,False,False,False,False
ByteLegend/ByteLegend,71743,False,False,False,False,False
yanzhenjie/NoHttp,54486,False,False,False,False,False
sofastack/sofa-jraft,3149,True,True,True,True,True
liuyubobobo/Play-with-Algorithms,112003,False,False,False,False,False
yangfuhai/ASimpleCache,719,False,False,False,False,False
JCTools/JCTools,7891,False,False,False,False,True
lisawray/groupie,678,False,False,False,False,False
google/rejoiner,793,False,False,False,False,False
Dimezis/BlurView,13459,False,False,True,True,True
RoaringBitmap/RoaringBitmap,90648,False,True,True,True,True
linkedin/databus,51191,False,False,False,False,False
KunMinX/Linkage-RecyclerView,761,False,False,False,False,False
fesh0r/fernflower,7096,True,True,True,True,True
spotbugs/spotbugs,146690,True,True,True,True,True
M66B/FairEmail,1107426,True,True,True,True,True
networknt/light-4j,12099,True,True,True,True,True
dingjikerbo/Android-BluetoothKit,3989,False,False,False,False,False
undertow-io/undertow,27375,True,True,True,True,True
jishenghua/jshERP,63422,True,True,True,True,True
litesuits/android-common,594,False,False,False,False,False
jtablesaw/tablesaw,66274,False,True,True,True,True
PlexPt/chatgpt-java,464,False,False,False,True,True
camunda/camunda,608386,True,True,True,True,True
helidon-io/helidon,112112,True,True,True,True,True
alibaba/spring-ai-alibaba,88811,True,True,True,True,True
apache/incubator-heron,183934,False,False,False,False,False
grpc-ecosystem/grpc-spring,3936,True,True,True,True,True
lihangleo2/ShadowLayout,4204,False,False,False,True,True
coderbruis/JavaSourceCodeLearning,8297,False,False,False,False,False
rockerhieu/emojicon,9713,False,False,False,False,False
rbmonster/learning-note,67617,False,False,False,True,True
alibaba/Alink,18863,False,False,False,False,True
huburt-Hu/NewbieGuide,795,False,False,False,False,False
gh0stkey/HaE,11045,True,True,True,True,True
tyrantgit/ExplosionField,1570,False,False,False,False,False
spockframework/spock,34921,True,True,True,True,True
dongjunkun/DropDownMenu,14892,False,False,False,False,False
FasterXML/jackson-databind,82287,True,True,True,True,True
kikoso/android-stackblur,6716,False,False,False,False,False
yacy/yacy_search_server,827258,False,True,True,True,True
dtinit/data-transfer-project,10510,True,True,True,True,True
davideas/FlexibleAdapter,10850,False,False,False,False,False
googlemaps/android-maps-utils,18224,True,True,True,True,True
vert-x3/vertx-examples,52011,True,True,True,True,True
ReChronoRain/HyperCeiler,60382,True,True,True,True,True
WVector/AppUpdate,50788,False,False,False,False,False
JakeWharton/ThreeTenABP,431,False,False,True,True,True
hmkcode/Android,1841,False,False,False,False,False
microservices-patterns/ftgo-application,1010,False,False,True,True,True
code4craft/netty-learning,3362,False,False,False,False,False
tchiotludo/akhq,36874,True,True,True,True,True
dropbox/hackpad,110132,False,False,False,False,False
bilibili/MagicaSakura,3043,False,False,False,False,False
spring-io/initializr,10954,True,True,True,True,True
Mojang/brigadier,470,False,False,False,False,True
johncarl81/parceler,1565,False,False,False,False,False
javahuang/SurveyKing,87973,False,False,False,False,True
arimorty/floatingsearchview,7915,False,False,False,False,False
luontola/retrolambda,1063,False,False,False,False,False
AsamK/signal-cli,5764,True,True,True,True,True
mbechler/marshalsec,469,False,False,False,True,True
andremion/Music-Player,24772,False,False,False,False,False
lsjwzh/RecyclerViewPager,3248,False,False,False,False,False
nytimes/Store,2538,False,False,False,False,False
codeestX/GeekNews,83845,False,False,False,False,False
fabric8io/kubernetes-client,516111,True,True,True,True,True
baoyongzhang/SwipeMenuListView,1854,False,False,False,False,False
fyhertz/libstreaming,1537,False,False,False,False,False
anggrayudi/android-hidden-api,334972,False,False,False,True,True
dariuszseweryn/RxAndroidBle,2923,False,False,False,False,True
spring-cloud/spring-cloud-kubernetes,58669,True,True,True,True,True
IrisShaders/Iris,58317,True,True,True,True,True
KingJA/LoadSir,4024,False,False,False,False,False
immutables/immutables,12838,True,True,True,True,True
lenve/JavaEETest,27714,False,False,False,False,False
apache/logging-log4j2,129278,True,True,True,True,True
OpenHFT/Chronicle-Queue,29888,False,True,True,True,True
Netflix/maestro,1615,True,True,True,True,True
ittianyu/BottomNavigationViewEx,1770,False,False,False,False,False
rubensousa/PreviewSeekBar,63625,False,False,False,False,False
Creators-of-Create/Create,88319,True,True,True,True,True
cSploit/android,39651,False,False,False,False,False
ferredoxin/QNotified,8766,False,False,False,False,False
Grt1228/chatgpt-java,466,False,False,False,False,False
LinShunKang/MyPerf4J,1152,False,True,True,True,True
blossom-editor/blossom,63128,False,False,True,True,True
crossoverJie/SSM,4404,False,False,False,False,False
phodal/migration,6167,False,False,False,False,False
DataLinkDC/dinky,38218,True,True,True,True,True
alamkanak/Android-Week-View,814,False,False,False,False,False
AxonFramework/AxonFramework,57120,True,True,True,True,True
guolindev/giffun,7432,False,False,False,False,False
springdoc/springdoc-openapi,10246,True,True,True,True,True
xcc3641/SeeWeather,16083,False,False,False,False,False
HelloWorld521/Java,28772,False,False,False,False,False
sherxon/AlgoDS,1585,False,False,False,False,False
Netflix/concurrency-limits,826,False,False,False,False,True
openhab/openhab1-addons,244412,False,False,False,False,False
uncle-novel/uncle-novel,90990,False,False,False,False,False
GitLqr/LQRWeChat,120743,False,False,False,False,False
TNG/ArchUnit,17145,True,True,True,True,True
eclipse-openj9/openj9,193980,True,True,True,True,True
woxingxiao/BubbleSeekBar,43994,False,False,False,False,False
rom1v/sndcpy,171,False,False,False,False,False
google/volley,1423,False,False,False,True,True
yigit/android-priority-jobqueue,14756,False,False,False,False,False
apache/incubator-kie-optaplanner,243927,True,True,True,True,True
kevinsawicki/http-request,1678,False,False,False,False,False
WinterChenS/my-site,6361,False,True,True,True,True
nICEnnnnnnnLee/BilibiliDown,52803,False,False,False,True,True
avast/android-butterknife-zelezny,748,False,False,False,False,False
uber/AutoDispose,12520,False,False,False,False,True
apache/linkis,91377,True,True,True,True,True
abel533/MyBatis-Spring-Boot,152,False,False,False,False,False
getActivity/Toaster,55688,True,True,True,True,True
dromara/liteflow,10217,True,True,True,True,True
Devo919/Gewechat,424,True,True,True,True,True
cropsly/ffmpeg-android-java,90083,False,False,False,False,False
1024-lab/smart-admin,36073,True,True,True,True,True
